SELECT *
  2  FROM (SELECT ROWNUM AS SLNO,EMP.*
  3        FROM EMP)
  4  WHERE SLNO <=4;

      SLNO      EMPNO ENAME      JOB              MGR HIREDATE         SAL       COMM     DEPTNO                                                                                                                                                                                                                                                                                                                                                                                                                    
---------- ---------- ---------- --------- ---------- --------- ---------- ---------- ----------                                                                                                                                                                                                                                                                                                                                                                                                                    
         1       7369 SMITH      CLERK           7902 17-DEC-80        800                    20                                                                                                                                                                                                                                                                                                                                                                                                                    
         2       7499 ALLEN      SALESMAN        7698 20-FEB-81       1600        300         30                                                                                                                                                                                                                                                                                                                                                                                                                    
         3       7521 WARD       SALESMAN        7698 22-FEB-81       1250        500         30                                                                                                                                                                                                                                                                                                                                                                                                                    
         4       7566 JONES      MANAGER         7839 02-APR-81       2975                    20                                                                                                                                                                                                                                                                                                                                                                                                                    

SQL> ED
Wrote file afiedt.buf

  1  SELECT *
  2  FROM (SELECT ROWNUM AS SLNO,DEPT.*
  3        FROM DEPT)
  4* WHERE SLNO <=2
SQL> /

      SLNO     DEPTNO DNAME          LOC                                                                                                                                                                                                                                                                                                                                                                                                                                                                            
---------- ---------- -------------- -------------                                                                                                                                                                                                                                                                                                                                                                                                                                                                  
         1         10 ACCOUNTING     NEW YORK                                                                                                                                                                                                                                                                                                                                                                                                                                                                       
         2         20 RESEARCH       DALLAS                                                                                                                                                                                                                                                                                                                                                                                                                                                                         

SQL> ED
Wrote file afiedt.buf

  1  SELECT *
  2  FROM (SELECT ROWNUM AS SLNO,EMP.*
  3        FROM EMP)
  4* WHERE SLNO = 5
SQL> /

      SLNO      EMPNO ENAME      JOB              MGR HIREDATE         SAL       COMM     DEPTNO                                                                                                                                                                                                                                                                                                                                                                                                                    
---------- ---------- ---------- --------- ---------- --------- ---------- ---------- ----------                                                                                                                                                                                                                                                                                                                                                                                                                    
         5       7654 MARTIN     SALESMAN        7698 28-SEP-81       1250       1400         30                                                                                                                                                                                                                                                                                                                                                                                                                    

SQL> ED
Wrote file afiedt.buf

  1  SELECT *
  2  FROM (SELECT ROWNUM AS SLNO,EMP.*
  3        FROM EMP
  4        ORDER BY EMPNO DESC)
  5* WHERE SLNO = 3
SQL> /

      SLNO      EMPNO ENAME      JOB              MGR HIREDATE         SAL       COMM     DEPTNO                                                                                                                                                                                                                                                                                                                                                                                                                    
---------- ---------- ---------- --------- ---------- --------- ---------- ---------- ----------                                                                                                                                                                                                                                                                                                                                                                                                                    
         3       7900 JAMES      CLERK           7698 03-DEC-81        950                    30                                                                                                                                                                                                                                                                                                                                                                                                                    

SQL> ED
Wrote file afiedt.buf

  1  SELECT SAL
  2  FROM (SELECT ROWNUM AS SLNO,SAL
  3        FROM (SELECT DISTINCT SAL
  4  	    FROM EMP
  5  	    ORDER BY SAL DESC))
  6* WHERE SLNO = 3
SQL> /

       SAL                                                                                                                                                                                                                                                                                                                                                                                                                                                                                                          
----------                                                                                                                                                                                                                                                                                                                                                                                                                                                                                                          
      2975                                                                                                                                                                                                                                                                                                                                                                                                                                                                                                          

SQL> ED
Wrote file afiedt.buf

  1  SELECT *
  2  FROM EMP
  3  WHERE SAL = (SELECT SAL
  4  	     FROM (SELECT ROWNUM AS SLNO,SAL
  5  		   FROM ( SELECT DISTINCT SAL
  6  			  FROM EMP
  7  			  ORDER BY SAL ASC))
  8* 	     WHERE SLNO=2)
SQL> /

     EMPNO ENAME      JOB              MGR HIREDATE         SAL       COMM     DEPTNO                                                                                                                                                                                                                                                                                                                                                                                                                               
---------- ---------- --------- ---------- --------- ---------- ---------- ----------                                                                                                                                                                                                                                                                                                                                                                                                                               
      7900 JAMES      CLERK           7698 03-DEC-81        950                    30                                                                                                                                                                                                                                                                                                                                                                                                                               

SQL> ED
Wrote file afiedt.buf

  1  SELECT SAL
  2  FROM (SELECT ROWNUM AS SLNO,SAL
  3  		   FROM ( SELECT DISTINCT SAL
  4  			  FROM EMP
  5  			  ORDER BY SAL DESC))
  6*       WHERE SLNO <=4
SQL> /

       SAL                                                                                                                                                                                                                                                                                                                                                                                                                                                                                                          
----------                                                                                                                                                                                                                                                                                                                                                                                                                                                                                                          
      5000                                                                                                                                                                                                                                                                                                                                                                                                                                                                                                          
      3000                                                                                                                                                                                                                                                                                                                                                                                                                                                                                                          
      2975                                                                                                                                                                                                                                                                                                                                                                                                                                                                                                          
      2850                                                                                                                                                                                                                                                                                                                                                                                                                                                                                                          

SQL> ED
Wrote file afiedt.buf

  1  SELECT SAL
  2  FROM (SELECT ROWNUM AS SLNO,SAL
  3  		   FROM ( SELECT DISTINCT SAL
  4  			  FROM EMP
  5  			  ORDER BY SAL ASC))
  6*       WHERE SLNO IN (2,4,6)
SQL> /

       SAL                                                                                                                                                                                                                                                                                                                                                                                                                                                                                                          
----------                                                                                                                                                                                                                                                                                                                                                                                                                                                                                                          
       950                                                                                                                                                                                                                                                                                                                                                                                                                                                                                                          
      1250                                                                                                                                                                                                                                                                                                                                                                                                                                                                                                          
      1500                                                                                                                                                                                                                                                                                                                                                                                                                                                                                                          

SQL> ED
Wrote file afiedt.buf

  1  SELECT SAL
  2  FROM (SELECT ROWNUM AS SLNO,SAL
  3  		   FROM ( SELECT DISTINCT SAL
  4  			  FROM EMP
  5  			  ORDER BY SAL ASC))
  6*       WHERE SLNO  <=2
SQL> /

       SAL                                                                                                                                                                                                                                                                                                                                                                                                                                                                                                          
----------                                                                                                                                                                                                                                                                                                                                                                                                                                                                                                          
       800                                                                                                                                                                                                                                                                                                                                                                                                                                                                                                          
       950                                                                                                                                                                                                                                                                                                                                                                                                                                                                                                          

SQL> ED
Wrote file afiedt.buf

  1  SELECT *
  2  FROM (SELECT ROWNUM AS SLNO,DEPT.*
  3        FROM DEPT
  4        ORDER BY DEPTNO DESC)	
  5* WHERE SLNO =1
SQL> /

      SLNO     DEPTNO DNAME          LOC                                                                                                                                                                                                                                                                                                                                                                                                                                                                            
---------- ---------- -------------- -------------                                                                                                                                                                                                                                                                                                                                                                                                                                                                  
         1         40 OPERATIONS     BOSTON                                                                                                                                                                                                                                                                                                                                                                                                                                                                         

SQL> ED
Wrote file afiedt.buf

  1  SELECT *
  2  FROM (SELECT ROWNUM AS SLNO,EMP.*
  3        FROM EMP)	
  4* WHERE SLNO / 2 = FLOOR(SLNO/2)
SQL> /

      SLNO      EMPNO ENAME      JOB              MGR HIREDATE         SAL       COMM     DEPTNO                                                                                                                                                                                                                                                                                                                                                                                                                    
---------- ---------- ---------- --------- ---------- --------- ---------- ---------- ----------                                                                                                                                                                                                                                                                                                                                                                                                                    
         2       7499 ALLEN      SALESMAN        7698 20-FEB-81       1600        300         30                                                                                                                                                                                                                                                                                                                                                                                                                    
         4       7566 JONES      MANAGER         7839 02-APR-81       2975                    20                                                                                                                                                                                                                                                                                                                                                                                                                    
         6       7698 BLAKE      MANAGER         7839 01-MAY-81       2850                    30                                                                                                                                                                                                                                                                                                                                                                                                                    
         8       7788 SCOTT      ANALYST         7566 19-APR-87       3000                    20                                                                                                                                                                                                                                                                                                                                                                                                                    
        10       7844 TURNER     SALESMAN        7698 08-SEP-81       1500          0         30                                                                                                                                                                                                                                                                                                                                                                                                                    
        12       7900 JAMES      CLERK           7698 03-DEC-81        950                    30                                                                                                                                                                                                                                                                                                                                                                                                                    
        14       7934 MILLER     CLERK           7782 23-JAN-82       1300                    10                                                                                                                                                                                                                                                                                                                                                                                                                    

7 rows selected.

SQL> ED
Wrote file afiedt.buf

  1  SELECT *
  2  FROM (SELECT ROWNUM AS SLNO,EMP.*
  3        FROM EMP)	
  4* WHERE SLNO / 2 != FLOOR(SLNO/2)
SQL> /

      SLNO      EMPNO ENAME      JOB              MGR HIREDATE         SAL       COMM     DEPTNO                                                                                                                                                                                                                                                                                                                                                                                                                    
---------- ---------- ---------- --------- ---------- --------- ---------- ---------- ----------                                                                                                                                                                                                                                                                                                                                                                                                                    
         1       7369 SMITH      CLERK           7902 17-DEC-80        800                    20                                                                                                                                                                                                                                                                                                                                                                                                                    
         3       7521 WARD       SALESMAN        7698 22-FEB-81       1250        500         30                                                                                                                                                                                                                                                                                                                                                                                                                    
         5       7654 MARTIN     SALESMAN        7698 28-SEP-81       1250       1400         30                                                                                                                                                                                                                                                                                                                                                                                                                    
         7       7782 CLARK      MANAGER         7839 09-JUN-81       2450                    10                                                                                                                                                                                                                                                                                                                                                                                                                    
         9       7839 KING       PRESIDENT            17-NOV-81       5000                    10                                                                                                                                                                                                                                                                                                                                                                                                                    
        11       7876 ADAMS      CLERK           7788 23-MAY-87       1100                    20                                                                                                                                                                                                                                                                                                                                                                                                                    
        13       7902 FORD       ANALYST         7566 03-DEC-81       3000                    20                                                                                                                                                                                                                                                                                                                                                                                                                    

7 rows selected.


SQL> ED
Wrote file afiedt.buf

  1  SELECT *
  2  FROM DEPT
  3  WHERE DEPTNO = (SELECT DEPTNO
  4  		FROM(SELECT ROWNUM AS SLNO,DEPTNO
  5  		      FROM (SELECT DISTINCT SAL,DEPTNO
  6  			    FROM EMP
  7  		      	    ORDER BY SAL DESC))
  8* 		WHERE SLNO =3)
SQL> /

    DEPTNO DNAME          LOC                                                                                                                                                                                                                                                                                                                                                                                                                                                                                       
---------- -------------- -------------                                                                                                                                                                                                                                                                                                                                                                                                                                                                             
        20 RESEARCH       DALLAS                                                                                                                                                                                                                                                                                                                                                                                                                                                                                    

SQL> SPOOL OFF;
