ED
Wrote file afiedt.buf

 -- TASK 1: CREATE MEMBER, BOOKS, AND ISSUE TABLES WITHOUT CONSTRAINTS
   
  1  CREATE TABLE MEMBER (
  2      MEMBER_ID NUMBER(5),
  3      MEMBER_NAME VARCHAR2(30),
  4      MEMBER_ADDRESS VARCHAR2(50),
  5      ACC_OPEN_DATE DATE,
  6      MEMBERSHIP_TYPE VARCHAR2(20),
  7      FEES_PAID NUMBER(4),
  8      MAX_BOOKS_ALLOWED NUMBER(2),
  9      PENALTY_AMOUNT NUMBER(7, 2)
 10* )
SQL> /

Table created.

SQL> ED
Wrote file afiedt.buf

  1  CREATE TABLE BOOKS (
  2      BOOK_NO NUMBER(6),
  3      BOOK_NAME VARCHAR2(30),
  4      AUTHOR_NAME VARCHAR2(30),
  5      COST NUMBER(7, 2),
  6      CATEGORY CHAR(10)
  7* )
SQL> /

Table created.

SQL> ED
Wrote file afiedt.buf

  1  CREATE TABLE ISSUE (
  2      LIB_ISSUE_ID NUMBER(10),
  3      BOOK_NO NUMBER(6),
  4      MEMBER_ID NUMBER(5),
  5      ISSUE_DATE DATE,
  6      RETURN_DATE DATE
  7* )
SQL> /

Table created.

SQL>
-- TASK 2: VIEW TABLE STRUCTURES
 DESC MEMBER;

 Name                                                                                                                                                                                                                                                                                                  Null?    Type
 ----------------------------------------------------------------------------------------------------------------------------------------------------------------------------------------------------------------------------------------------------------------------------------------------------- -------- ----------------------------------------------------------------------------------------------------------------------------------------------------------------------------------------------------
 MEMBER_ID                                                                                                                                                                                                                                                                                                      NUMBER(5)
 MEMBER_NAME                                                                                                                                                                                                                                                                                                    VARCHAR2(30)
 MEMBER_ADDRESS                                                                                                                                                                                                                                                                                                 VARCHAR2(50)
 ACC_OPEN_DATE                                                                                                                                                                                                                                                                                                  DATE
 MEMBERSHIP_TYPE                                                                                                                                                                                                                                                                                                VARCHAR2(20)
 FEES_PAID                                                                                                                                                                                                                                                                                                      NUMBER(4)
 MAX_BOOKS_ALLOWED                                                                                                                                                                                                                                                                                              NUMBER(2)
 PENALTY_AMOUNT                                                                                                                                                                                                                                                                                                 NUMBER(7,2)

SQL> DESC BOOKS;
 Name                                                                                                                                                                                                                                                                                                  Null?    Type
 ----------------------------------------------------------------------------------------------------------------------------------------------------------------------------------------------------------------------------------------------------------------------------------------------------- -------- ----------------------------------------------------------------------------------------------------------------------------------------------------------------------------------------------------
 BOOK_NO                                                                                                                                                                                                                                                                                                        NUMBER(6)
 BOOK_NAME                                                                                                                                                                                                                                                                                                      VARCHAR2(30)
 AUTHOR_NAME                                                                                                                                                                                                                                                                                                    VARCHAR2(30)
 COST                                                                                                                                                                                                                                                                                                           NUMBER(7,2)
 CATEGORY                                                                                                                                                                                                                                                                                                       CHAR(10)

SQL> DESC ISSUE;
 Name                                                                                                                                                                                                                                                                                                  Null?    Type
 ----------------------------------------------------------------------------------------------------------------------------------------------------------------------------------------------------------------------------------------------------------------------------------------------------- -------- ----------------------------------------------------------------------------------------------------------------------------------------------------------------------------------------------------
 LIB_ISSUE_ID                                                                                                                                                                                                                                                                                                   NUMBER(10)
 BOOK_NO                                                                                                                                                                                                                                                                                                        NUMBER(6)
 MEMBER_ID                                                                                                                                                                                                                                                                                                      NUMBER(5)
 ISSUE_DATE                                                                                                                                                                                                                                                                                                     DATE
 RETURN_DATE                                                                                                                                                                                                                                                                                                    DATE

SQL> ED
Wrote file afiedt.buf

  -- TASK 3: DROP THE MEMBER TABLE

  1* DROP TABLE MEMBER
  2  /

Table dropped.

SQL> ED
Wrote file afiedt.buf

  1  -- TASK 4: CREATE MEMBER TABLE WITH CONSTRAINTS

  2  CREATE TABLE MEMBER (
  3      MEMBER_ID NUMBER(5) PRIMARY KEY,
  4      MEMBER_NAME VARCHAR2(30),
  5      MEMBER_ADDRESS VARCHAR2(50),
  6      ACC_OPEN_DATE DATE,
  7      MEMBERSHIP_TYPE VARCHAR2(20) CHECK (MEMBERSHIP_TYPE IN ('LIFETIME', 'ANNUAL', 'HALF YEARLY', 'QUARTERLY')),
  8      FEES_PAID NUMBER(4),
  9      MAX_BOOKS_ALLOWED NUMBER(2),
 10      PENALTY_AMOUNT NUMBER(7, 2)
 11* )
SQL> /

Table created.

SQL> ED
Wrote file afiedt.buf

-- TASK 5: INCREASE WIDTH OF MEMBER_NAME

  1  ALTER TABLE MEMBER 
  2* MODIFY MEMBER_NAME VARCHAR2(40)
SQL> /

Table altered.

SQL> ED
Wrote file afiedt.buf

-- TASK 6: ADD A "REFERENCE" COLUMN TO ISSUE TABLE

  1  ALTER TABLE ISSUE 
  2* ADD REFERENCE CHAR(30)
SQL> /

Table altered.

SQL> ED
Wrote file afiedt.buf
 
-- TASK 7: DELETE THE "REFERENCE" COLUMN

  1  ALTER TABLE ISSUE 
  2* DROP COLUMN REFERENCE
SQL> /

Table altered.

SQL> ED
Wrote file afiedt.buf

-- TASK 8: RENAME ISSUE TABLE TO LIB_ISSUE

  1  RENAME ISSUE 
  2* TO LIB_ISSUE
SQL> /

Table renamed.

SQL> ED
Wrote file afiedt.buf

-- TASK 9: INSERT DATA INTO MEMBER TABLE

  1* INSERT INTO MEMBER VALUES (1, 'RICHA SHARMA', 'PUNE', TO_DATE('10-DEC-2005', 'DD-MON-YYYY'), 'LIFETIME', 25000, 5, 50)
SQL> /
INSERT INTO MEMBER VALUES (1, 'RICHA SHARMA', 'PUNE', TO_DATE('10-DEC-2005', 'DD-MON-YYYY'), 'LIFETIME', 25000, 5, 50)
                                                                                                         *
ERROR at line 1:
ORA-01438: value larger than specified precision allowed for this column 


SQL> ALTER TABLE MEMBER
  2  MODIFY FEES_PAID NUMBER(6);

Table altered.

SQL> ED
Wrote file afiedt.buf

  1* INSERT INTO MEMBER VALUES (1, 'RICHA SHARMA', 'PUNE', TO_DATE('10-DEC-2005', 'DD-MON-YYYY'), 'LIFETIME', 25000, 5, 50)
SQL> /

1 row created.

SQL> ED
Wrote file afiedt.buf

  1* INSERT INTO MEMBER VALUES (2, 'GARIMA SEN', 'PUNE', SYSDATE, 'ANNUAL', 1000, 3, NULL)
SQL> /

1 row created.

SQL> ED
Wrote file afiedt.buf

-- TASK 10: INSERT 5 MORE RECORDS

  1* INSERT INTO MEMBER VALUES (3, 'AMIT KUMAR', 'DELHI', TO_DATE('15-JAN-2023', 'DD-MON-YYYY'), 'QUARTERLY', 500, 2, 0)
SQL> /

1 row created.

SQL> ED
Wrote file afiedt.buf

  1* INSERT INTO MEMBER VALUES (4, 'SNEHA DAS', 'MUMBAI', TO_DATE('10-FEB-2021', 'DD-MON-YYYY'), 'HALF YEARLY', 1500, 4, 0)
SQL> /

1 row created.

SQL> ED
Wrote file afiedt.buf

  1* INSERT INTO MEMBER VALUES (5, 'RAJ MALHOTRA', 'CHENNAI', TO_DATE('01-MAR-2022', 'DD-MON-YYYY'), 'ANNUAL', 2000, 3, NULL)
SQL> /

1 row created.

SQL> ED
Wrote file afiedt.buf

  1* INSERT INTO MEMBER VALUES (6, 'PRIYA SINGH', 'BANGALORE', TO_DATE('20-DEC-2020', 'DD-MON-YYYY'), 'LIFETIME', 25000, 5, 100)
SQL> /

1 row created.

SQL> ED
Wrote file afiedt.buf

  1* INSERT INTO MEMBER VALUES (7, 'KUNAL VERMA', 'KOLKATA', TO_DATE('30-JUN-2019', 'DD-MON-YYYY'), 'LIFETIME', 25000, 5, 0)
SQL> /

1 row created.

SQL> ED
Wrote file afiedt.buf

  1  ALTER TABLE MEMBER
  2* MODIFY MEMBER_NAME VARCHAR2(20)
SQL> /

Table altered.

SQL> ED
Wrote file afiedt.buf

  1* INSERT INTO MEMBER VALUES (8, 'TEST MEMBER', 'CITY', SYSDATE, 'ANNUAL', 1000, 110, NULL)
SQL> /
INSERT INTO MEMBER VALUES (8, 'TEST MEMBER', 'CITY', SYSDATE, 'ANNUAL', 1000, 110, NULL)
                                                                              *
ERROR at line 1:
ORA-01438: value larger than specified precision allowed for this column 


SQL> ED
Wrote file afiedt.buf

-- TASK 13: CREATE MEMBER101 TABLE USING SELECT

  1  CREATE TABLE MEMBER101 
  2  AS 
  3* SELECT * FROM MEMBER 
SQL> /

Table created.

SQL> ED
Wrote file afiedt.buf

-- TASK 14: ADD CONSTRAINTS TO MEMBER TABLE

  1  ALTER TABLE MEMBER 
  2* ADD CONSTRAINT CHK_BOOKS_ALLOWED CHECK (MAX_BOOKS_ALLOWED < 100)
SQL> /

Table altered.

SQL> ED
Wrote file afiedt.buf

  1* ALTER TABLE MEMBER ADD CONSTRAINT CHK_PENALTY_AMT CHECK (PENALTY_AMOUNT <= 1000)
SQL> /

Table altered.

-- TASK 15: DROP THE BOOKS TABLE

SQL> DROP TABLE BOOKS;

Table dropped.

SQL> ED
Wrote file afiedt.buf

-- TASK 16: RECREATE BOOKS TABLE WITH CONSTRAINTS

  1  CREATE TABLE BOOKS (
  2      BOOK_NO NUMBER(6) PRIMARY KEY,
  3      BOOK_NAME VARCHAR2(30) NOT NULL,
  4      AUTHOR_NAME VARCHAR2(30),
  5      COST NUMBER(7, 2),
  6      CATEGORY VARCHAR2(15) CHECK (CATEGORY IN ('SCIENCE', 'FICTION', 'DATABASE', 'RDBMS', 'OTHERS'))
  7* )
SQL> /

Table created.

SQL> ED
Wrote file afiedt.buf

-- TASK 17: INSERT INITIAL DATA INTO BOOKS

  1* INSERT INTO BOOKS VALUES (101, 'LET US C', 'DENIS RITCHIE', 450, 'SCIENCE')
SQL> /

1 row created.

SQL> ED
Wrote file afiedt.buf

  1* INSERT INTO BOOKS VALUES (102, 'ORACLE – COMPLETE REF', 'LONI', 550, 'DATABASE')
SQL> /

1 row created.

SQL> ED
Wrote file afiedt.buf

  1* INSERT INTO BOOKS VALUES (103, 'MASTERING SQL', 'LONI', 250, 'DATABASE')
SQL> /

1 row created.

SQL> ED
Wrote file afiedt.buf

  1* INSERT INTO BOOKS VALUES (104, 'PL SQL-REF', 'SCOTT URMAN', 750, 'DATABASE')
  2  /

1 row created.

SQL> ED
Wrote file afiedt.buf

-- TASK 18: INSERT MORE RECORDS USING & OPERATOR

  1* INSERT INTO BOOKS VALUES (&BOOK_NO, &BOOK_NAME, &AUTHOR_NAME,&COST, &CATEGORY)
SQL> /
Enter value for book_no: 105
Enter value for book_name: 'PYTHON ESSENTIALS'
Enter value for author_name: 'JAMES HILL'
Enter value for cost: 700
Enter value for category: 'SCIENCE'
old   1: INSERT INTO BOOKS VALUES (&BOOK_NO, &BOOK_NAME, &AUTHOR_NAME,&COST, &CATEGORY)
new   1: INSERT INTO BOOKS VALUES (105, 'PYTHON ESSENTIALS', 'JAMES HILL',700, 'SCIENCE')

1 row created.

SQL> /
Enter value for book_no: 106
Enter value for book_name: 'DATA STRUCTURES'
Enter value for author_name: 'MARK WILLIAMS'
Enter value for cost: 850
Enter value for category: 'RDBMS'
old   1: INSERT INTO BOOKS VALUES (&BOOK_NO, &BOOK_NAME, &AUTHOR_NAME,&COST, &CATEGORY)
new   1: INSERT INTO BOOKS VALUES (106, 'DATA STRUCTURES', 'MARK WILLIAMS',850, 'RDBMS')

1 row created.

SQL> /
Enter value for book_no: 107
Enter value for book_name: 'ARTIFICIAL INTELLIGENCE'
Enter value for author_name: 'ALICE SMITH'
Enter value for cost: 950
Enter value for category:  'DATABASE'
old   1: INSERT INTO BOOKS VALUES (&BOOK_NO, &BOOK_NAME, &AUTHOR_NAME,&COST, &CATEGORY)
new   1: INSERT INTO BOOKS VALUES (107, 'ARTIFICIAL INTELLIGENCE', 'ALICE SMITH',950,  'DATABASE')

1 row created.

SQL> /
Enter value for book_no: 108
Enter value for book_name: 'MODERN FICTION'
Enter value for author_name: 'LUCY BROWN'
Enter value for cost: 400
Enter value for category: 'FICTION'
old   1: INSERT INTO BOOKS VALUES (&BOOK_NO, &BOOK_NAME, &AUTHOR_NAME,&COST, &CATEGORY)
new   1: INSERT INTO BOOKS VALUES (108, 'MODERN FICTION', 'LUCY BROWN',400, 'FICTION')

1 row created.

SQL> /
Enter value for book_no: 109
Enter value for book_name: 'ADVANCED JAVA'
Enter value for author_name: 'ROBERT TAYLOR'
Enter value for cost: 800
Enter value for category: 'SCIENCE'
old   1: INSERT INTO BOOKS VALUES (&BOOK_NO, &BOOK_NAME, &AUTHOR_NAME,&COST, &CATEGORY)
new   1: INSERT INTO BOOKS VALUES (109, 'ADVANCED JAVA', 'ROBERT TAYLOR',800, 'SCIENCE')

1 row created.

SQL> SELECT *
  2  FROM BOOKS;

   BOOK_NO BOOK_NAME                      AUTHOR_NAME                          COST CATEGORY                                                                                                                                                                                                                                                                                                                                                                                                                        
---------- ------------------------------ ------------------------------ ---------- ---------------                                                                                                                                                                                                                                                                                                                                                                                                                 
       101 LET US C                       DENIS RITCHIE                         450 SCIENCE                                                                                                                                                                                                                                                                                                                                                                                                                         
       102 ORACLE – COMPLETE REF        LONI                                  550 DATABASE                                                                                                                                                                                                                                                                                                                                                                                                                        
       103 MASTERING SQL                  LONI                                  250 DATABASE                                                                                                                                                                                                                                                                                                                                                                                                                        
       104 PL SQL-REF                     SCOTT URMAN                           750 DATABASE                                                                                                                                                                                                                                                                                                                                                                                                                        
       105 PYTHON ESSENTIALS              JAMES HILL                            700 SCIENCE                                                                                                                                                                                                                                                                                                                                                                                                                         
       106 DATA STRUCTURES                MARK WILLIAMS                         850 RDBMS                                                                                                                                                                                                                                                                                                                                                                                                                           
       107 ARTIFICIAL INTELLIGENCE        ALICE SMITH                           950 DATABASE                                                                                                                                                                                                                                                                                                                                                                                                                        
       108 MODERN FICTION                 LUCY BROWN                            400 FICTION                                                                                                                                                                                                                                                                                                                                                                                                                         
       109 ADVANCED JAVA                  ROBERT TAYLOR                         800 SCIENCE                                                                                                                                                                                                                                                                                                                                                                                                                         

9 rows selected.

SQL> ED
Wrote file afiedt.buf

  1  UPDATE BOOKS
  2  SET BOOK_NAME = 'ORACLE-COMPLETE-REF'
  3* WHERE BOOK_NO = 102
SQL> /

1 row updated.

SQL> SELECT *
  2  FROM BOOKS;

   BOOK_NO BOOK_NAME                      AUTHOR_NAME                          COST CATEGORY                                                                                                                                                                                                                                                                                                                                                                                                                        
---------- ------------------------------ ------------------------------ ---------- ---------------                                                                                                                                                                                                                                                                                                                                                                                                                 
       101 LET US C                       DENIS RITCHIE                         450 SCIENCE                                                                                                                                                                                                                                                                                                                                                                                                                         
       102 ORACLE-COMPLETE-REF            LONI                                  550 DATABASE                                                                                                                                                                                                                                                                                                                                                                                                                        
       103 MASTERING SQL                  LONI                                  250 DATABASE                                                                                                                                                                                                                                                                                                                                                                                                                        
       104 PL SQL-REF                     SCOTT URMAN                           750 DATABASE                                                                                                                                                                                                                                                                                                                                                                                                                        
       105 PYTHON ESSENTIALS              JAMES HILL                            700 SCIENCE                                                                                                                                                                                                                                                                                                                                                                                                                         
       106 DATA STRUCTURES                MARK WILLIAMS                         850 RDBMS                                                                                                                                                                                                                                                                                                                                                                                                                           
       107 ARTIFICIAL INTELLIGENCE        ALICE SMITH                           950 DATABASE                                                                                                                                                                                                                                                                                                                                                                                                                        
       108 MODERN FICTION                 LUCY BROWN                            400 FICTION                                                                                                                                                                                                                                                                                                                                                                                                                         
       109 ADVANCED JAVA                  ROBERT TAYLOR                         800 SCIENCE                                                                                                                                                                                                                                                                                                                                                                                                                         

9 rows selected.

SQL> ED
Wrote file afiedt.buf

-- TASK 19: CREATE BOOK101 TABLE SIMILAR TO BOOKS

  1  CREATE TABLE BOOK101 
  2  AS
  3  SELECT * 
  4  FROM BOOKS
  5* WHERE 1=0
SQL> /

Table created.

SQL> SELECT *
  2  FROM BOOK101
  3  ;

no rows selected

SQL> ED
Wrote file afiedt.buf

-- TASK 20: INSERT DATA INTO BOOK101 FROM BOOKS

  1  INSERT INTO BOOK101 
  2  SELECT * 
  3* FROM BOOKS
SQL> /

9 rows created.

SQL> SELECT *
  2  
SQL> SELECT *
  2  FROM BOOK101;

   BOOK_NO BOOK_NAME                      AUTHOR_NAME                          COST CATEGORY                                                                                                                                                                                                                                                                                                                                                                                                                        
---------- ------------------------------ ------------------------------ ---------- ---------------                                                                                                                                                                                                                                                                                                                                                                                                                 
       101 LET US C                       DENIS RITCHIE                         450 SCIENCE                                                                                                                                                                                                                                                                                                                                                                                                                         
       102 ORACLE-COMPLETE-REF            LONI                                  550 DATABASE                                                                                                                                                                                                                                                                                                                                                                                                                        
       103 MASTERING SQL                  LONI                                  250 DATABASE                                                                                                                                                                                                                                                                                                                                                                                                                        
       104 PL SQL-REF                     SCOTT URMAN                           750 DATABASE                                                                                                                                                                                                                                                                                                                                                                                                                        
       105 PYTHON ESSENTIALS              JAMES HILL                            700 SCIENCE                                                                                                                                                                                                                                                                                                                                                                                                                         
       106 DATA STRUCTURES                MARK WILLIAMS                         850 RDBMS                                                                                                                                                                                                                                                                                                                                                                                                                           
       107 ARTIFICIAL INTELLIGENCE        ALICE SMITH                           950 DATABASE                                                                                                                                                                                                                                                                                                                                                                                                                        
       108 MODERN FICTION                 LUCY BROWN                            400 FICTION                                                                                                                                                                                                                                                                                                                                                                                                                         
       109 ADVANCED JAVA                  ROBERT TAYLOR                         800 SCIENCE                                                                                                                                                                                                                                                                                                                                                                                                                         

9 rows selected.

SQL> COMMIT;

Commit complete.

-- TASK 22: VIEW DATA IN MEMBER, BOOKS, AND BOOK101 TABLES  

SQL> SELECT *
  2  FROM MEMBER;

 MEMBER_ID MEMBER_NAME          MEMBER_ADDRESS                                     ACC_OPEN_ MEMBERSHIP_TYPE       FEES_PAID MAX_BOOKS_ALLOWED PENALTY_AMOUNT                                                                                                                                                                                                                                                                                                                                                       
---------- -------------------- -------------------------------------------------- --------- -------------------- ---------- ----------------- --------------                                                                                                                                                                                                                                                                                                                                                       
         1 RICHA SHARMA         PUNE                                               10-DEC-05 LIFETIME                  25000                 5             50                                                                                                                                                                                                                                                                                                                                                       
         2 GARIMA SEN           PUNE                                               06-DEC-24 ANNUAL                     1000                 3                                                                                                                                                                                                                                                                                                                                                                      
         3 AMIT KUMAR           DELHI                                              15-JAN-23 QUARTERLY                   500                 2              0                                                                                                                                                                                                                                                                                                                                                       
         4 SNEHA DAS            MUMBAI                                             10-FEB-21 HALF YEARLY                1500                 4              0                                                                                                                                                                                                                                                                                                                                                       
         5 RAJ MALHOTRA         CHENNAI                                            01-MAR-22 ANNUAL                     2000                 3                                                                                                                                                                                                                                                                                                                                                                      
         6 PRIYA SINGH          BANGALORE                                          20-DEC-20 LIFETIME                  25000                 5            100                                                                                                                                                                                                                                                                                                                                                       
         7 KUNAL VERMA          KOLKATA                                            30-JUN-19 LIFETIME                  25000                 5              0                                                                                                                                                                                                                                                                                                                                                       

7 rows selected.

SQL>  SELECT *
  2  FROM BOOKS;

   BOOK_NO BOOK_NAME                      AUTHOR_NAME                          COST CATEGORY                                                                                                                                                                                                                                                                                                                                                                                                                        
---------- ------------------------------ ------------------------------ ---------- ---------------                                                                                                                                                                                                                                                                                                                                                                                                                 
       101 LET US C                       DENIS RITCHIE                         450 SCIENCE                                                                                                                                                                                                                                                                                                                                                                                                                         
       102 ORACLE-COMPLETE-REF            LONI                                  550 DATABASE                                                                                                                                                                                                                                                                                                                                                                                                                        
       103 MASTERING SQL                  LONI                                  250 DATABASE                                                                                                                                                                                                                                                                                                                                                                                                                        
       104 PL SQL-REF                     SCOTT URMAN                           750 DATABASE                                                                                                                                                                                                                                                                                                                                                                                                                        
       105 PYTHON ESSENTIALS              JAMES HILL                            700 SCIENCE                                                                                                                                                                                                                                                                                                                                                                                                                         
       106 DATA STRUCTURES                MARK WILLIAMS                         850 RDBMS                                                                                                                                                                                                                                                                                                                                                                                                                           
       107 ARTIFICIAL INTELLIGENCE        ALICE SMITH                           950 DATABASE                                                                                                                                                                                                                                                                                                                                                                                                                        
       108 MODERN FICTION                 LUCY BROWN                            400 FICTION                                                                                                                                                                                                                                                                                                                                                                                                                         
       109 ADVANCED JAVA                  ROBERT TAYLOR                         800 SCIENCE                                                                                                                                                                                                                                                                                                                                                                                                                         

9 rows selected.

SQL> ED
Wrote file afiedt.buf

-- TASK 23: INSERT DATA INTO BOOK TABLE  

  1* INSERT INTO BOOKS VALUES (110, 'NATIONAL GEOGRAPHIC', 'ADIS SCOTT', 1000, 'SCIENCE')
SQL> /

1 row created.

SQL> SELECT *
  2  FROM BOOKS;

   BOOK_NO BOOK_NAME                      AUTHOR_NAME                          COST CATEGORY                                                                                                                                                                                                                                                                                                                                                                                                                        
---------- ------------------------------ ------------------------------ ---------- ---------------                                                                                                                                                                                                                                                                                                                                                                                                                 
       101 LET US C                       DENIS RITCHIE                         450 SCIENCE                                                                                                                                                                                                                                                                                                                                                                                                                         
       102 ORACLE-COMPLETE-REF            LONI                                  550 DATABASE                                                                                                                                                                                                                                                                                                                                                                                                                        
       103 MASTERING SQL                  LONI                                  250 DATABASE                                                                                                                                                                                                                                                                                                                                                                                                                        
       104 PL SQL-REF                     SCOTT URMAN                           750 DATABASE                                                                                                                                                                                                                                                                                                                                                                                                                        
       105 PYTHON ESSENTIALS              JAMES HILL                            700 SCIENCE                                                                                                                                                                                                                                                                                                                                                                                                                         
       106 DATA STRUCTURES                MARK WILLIAMS                         850 RDBMS                                                                                                                                                                                                                                                                                                                                                                                                                           
       107 ARTIFICIAL INTELLIGENCE        ALICE SMITH                           950 DATABASE                                                                                                                                                                                                                                                                                                                                                                                                                        
       108 MODERN FICTION                 LUCY BROWN                            400 FICTION                                                                                                                                                                                                                                                                                                                                                                                                                         
       109 ADVANCED JAVA                  ROBERT TAYLOR                         800 SCIENCE                                                                                                                                                                                                                                                                                                                                                                                                                         
       110 NATIONAL GEOGRAPHIC            ADIS SCOTT                           1000 SCIENCE                                                                                                                                                                                                                                                                                                                                                                                                                         

10 rows selected.

SQL> ROLLBACK
  2  ;

Rollback complete.

SQL> SELECT *
  2  FROM BOOKS;

   BOOK_NO BOOK_NAME                      AUTHOR_NAME                          COST CATEGORY                                                                                                                                                                                                                                                                                                                                                                                                                        
---------- ------------------------------ ------------------------------ ---------- ---------------                                                                                                                                                                                                                                                                                                                                                                                                                 
       101 LET US C                       DENIS RITCHIE                         450 SCIENCE                                                                                                                                                                                                                                                                                                                                                                                                                         
       102 ORACLE-COMPLETE-REF            LONI                                  550 DATABASE                                                                                                                                                                                                                                                                                                                                                                                                                        
       103 MASTERING SQL                  LONI                                  250 DATABASE                                                                                                                                                                                                                                                                                                                                                                                                                        
       104 PL SQL-REF                     SCOTT URMAN                           750 DATABASE                                                                                                                                                                                                                                                                                                                                                                                                                        
       105 PYTHON ESSENTIALS              JAMES HILL                            700 SCIENCE                                                                                                                                                                                                                                                                                                                                                                                                                         
       106 DATA STRUCTURES                MARK WILLIAMS                         850 RDBMS                                                                                                                                                                                                                                                                                                                                                                                                                           
       107 ARTIFICIAL INTELLIGENCE        ALICE SMITH                           950 DATABASE                                                                                                                                                                                                                                                                                                                                                                                                                        
       108 MODERN FICTION                 LUCY BROWN                            400 FICTION                                                                                                                                                                                                                                                                                                                                                                                                                         
       109 ADVANCED JAVA                  ROBERT TAYLOR                         800 SCIENCE                                                                                                                                                                                                                                                                                                                                                                                                                         

9 rows selected.

SQL> ED
Wrote file afiedt.buf

-- TASK 25: MODIFY THE COST AND CATEGORY OF BOOK WITH ID 103  

  1  UPDATE BOOKS  
  2  SET COST = 300, CATEGORY = 'RDBMS'  
  3* WHERE BOOK_NO = 103
SQL> /

1 row updated.

SQL> SELECT *
  2  FROM BOOKS;

   BOOK_NO BOOK_NAME                      AUTHOR_NAME                          COST CATEGORY                                                                                                                                                                                                                                                                                                                                                                                                                        
---------- ------------------------------ ------------------------------ ---------- ---------------                                                                                                                                                                                                                                                                                                                                                                                                                 
       101 LET US C                       DENIS RITCHIE                         450 SCIENCE                                                                                                                                                                                                                                                                                                                                                                                                                         
       102 ORACLE-COMPLETE-REF            LONI                                  550 DATABASE                                                                                                                                                                                                                                                                                                                                                                                                                        
       103 MASTERING SQL                  LONI                                  300 RDBMS                                                                                                                                                                                                                                                                                                                                                                                                                           
       104 PL SQL-REF                     SCOTT URMAN                           750 DATABASE                                                                                                                                                                                                                                                                                                                                                                                                                        
       105 PYTHON ESSENTIALS              JAMES HILL                            700 SCIENCE                                                                                                                                                                                                                                                                                                                                                                                                                         
       106 DATA STRUCTURES                MARK WILLIAMS                         850 RDBMS                                                                                                                                                                                                                                                                                                                                                                                                                           
       107 ARTIFICIAL INTELLIGENCE        ALICE SMITH                           950 DATABASE                                                                                                                                                                                                                                                                                                                                                                                                                        
       108 MODERN FICTION                 LUCY BROWN                            400 FICTION                                                                                                                                                                                                                                                                                                                                                                                                                         
       109 ADVANCED JAVA                  ROBERT TAYLOR                         800 SCIENCE                                                                                                                                                                                                                                                                                                                                                                                                                         

9 rows selected.

SQL> SELECT *
  2  FROM TAB;

TNAME                          TABTYPE  CLUSTERID                                                                                                                                                                                                                                                                                                                                                                                                                                                                   
------------------------------ ------- ----------                                                                                                                                                                                                                                                                                                                                                                                                                                                                   
DEPT                           TABLE                                                                                                                                                                                                                                                                                                                                                                                                                                                                                
EMP                            TABLE                                                                                                                                                                                                                                                                                                                                                                                                                                                                                
BONUS                          TABLE                                                                                                                                                                                                                                                                                                                                                                                                                                                                                
SALGRADE                       TABLE                                                                                                                                                                                                                                                                                                                                                                                                                                                                                
MEMBER101                      TABLE                                                                                                                                                                                                                                                                                                                                                                                                                                                                                
BIN$1EOqZOWJTtOs2f+abJMjAA==$0 TABLE                                                                                                                                                                                                                                                                                                                                                                                                                                                                                
MEMBER                         TABLE                                                                                                                                                                                                                                                                                                                                                                                                                                                                                
LIB_ISSUE                      TABLE                                                                                                                                                                                                                                                                                                                                                                                                                                                                                
BIN$3FqrrHCDRCar7gmI6rOH9A==$0 TABLE                                                                                                                                                                                                                                                                                                                                                                                                                                                                                
BOOKS                          TABLE                                                                                                                                                                                                                                                                                                                                                                                                                                                                                
BOOK101                        TABLE                                                                                                                                                                                                                                                                                                                                                                                                                                                                                

11 rows selected.

-- TASK 26: RENAME LIB_ISSUE TABLE TO ISSUE  

SQL> RENAME LIB_ISSUE TO ISSUE
  2  ;

Table renamed.

SQL> DROP TABLE ISSUE;

Table dropped.

SQL> ED
Wrote file afiedt.buf

  1  CREATE TABLE ISSUE (
  2      LIB_ISSUE_ID NUMBER(10) PRIMARY KEY,
  3      BOOK_NO NUMBER(6) REFERENCES BOOKS(BOOK_NO),
  4      MEMBER_ID NUMBER(5) REFERENCES MEMBER(MEMBER_ID),
  5      ISSUE_DATE DATE,
  6      RETURN_DATE DATE CHECK (RETURN_DATE > ISSUE_DATE)
  7* )
SQL> /
)
*
ERROR at line 7:
ORA-02438: Column check constraint cannot reference other columns 


SQL> ED
Wrote file afiedt.buf

  1  CREATE TABLE ISSUE (
  2  LIB_ISSUE_ID NUMBER(10) PRIMARY KEY,
  3  BOOK_NO NUMBER(6) REFERENCES BOOKS(BOOK_NO),
  4  MEMBER_ID NUMBER(5) REFERENCES MEMBER(MEMBER_ID),
  5  RETURN_DATE DATE,
  6  CONSTRAINT CHECK_RETURN_DATE CHECK (RETURN_DATE > ISSUE_DATE) 
  7* )
SQL> /
CONSTRAINT CHECK_RETURN_DATE CHECK (RETURN_DATE > ISSUE_DATE) 
                                                  *
ERROR at line 6:
ORA-00904: "ISSUE_DATE": invalid identifier 


SQL> ED
Wrote file afiedt.buf

-- TASK 28: CREATE ISSUE TABLE  

  1  CREATE TABLE ISSUE (
  2  LIB_ISSUE_ID NUMBER(10) PRIMARY KEY,
  3  BOOK_NO NUMBER(6) REFERENCES BOOKS(BOOK_NO),
  4  MEMBER_ID NUMBER(5) REFERENCES MEMBER(MEMBER_ID),
  5  ISSUE_DATE DATE,
  6  RETURN_DATE DATE,
  7  CONSTRAINT CHECK_RETURN_DATE CHECK (RETURN_DATE > ISSUE_DATE) 
  8* )
SQL> /

Table created.

SQL> ED
Wrote file afiedt.buf

-- TASK 29: INSERT DATA INTO ISSUE TABLE  

  1* INSERT INTO ISSUE VALUES (7001, 101, 1, TO_DATE('10-DEC-2006', 'DD-MON-YYYY'), NULL)
SQL> /

1 row created.

SQL> ED
Wrote file afiedt.buf

  1* INSERT INTO ISSUE VALUES (7002, 102, 2, TO_DATE('25-DEC-2006', 'DD-MON-YYYY'), NULL)
SQL> /

1 row created.

SQL> ED
Wrote file afiedt.buf

  1* INSERT INTO ISSUE VALUES (7003, 104, 1, TO_DATE('15-JAN-2006', 'DD-MON-YYYY'), NULL)
SQL> /

1 row created.

SQL> ED
Wrote file afiedt.buf

  1* INSERT INTO ISSUE VALUES (7004, 101, 1, TO_DATE('04-JUL-2006', 'DD-MON-YYYY'), NULL)
SQL> /

1 row created.

SQL> ED
Wrote file afiedt.buf

  1* INSERT INTO ISSUE VALUES (7005, 104, 2, TO_DATE('15-NOV-2006', 'DD-MON-YYYY'), NULL)
SQL> /

1 row created.

SQL> ED
Wrote file afiedt.buf

  1* INSERT INTO ISSUE VALUES (7006, 101, 3, TO_DATE('18-FEB-2006', 'DD-MON-YYYY'), NULL)
SQL> /

1 row created.

SQL> SELECT *
  2  FROM ISSUE;

LIB_ISSUE_ID    BOOK_NO  MEMBER_ID ISSUE_DAT RETURN_DA                                                                                                                                                                                                                                                                                                                                                                                                                                                              
------------ ---------- ---------- --------- ---------                                                                                                                                                                                                                                                                                                                                                                                                                                                              
        7001        101          1 10-DEC-06                                                                                                                                                                                                                                                                                                                                                                                                                                                                        
        7002        102          2 25-DEC-06                                                                                                                                                                                                                                                                                                                                                                                                                                                                        
        7003        104          1 15-JAN-06                                                                                                                                                                                                                                                                                                                                                                                                                                                                        
        7004        101          1 04-JUL-06                                                                                                                                                                                                                                                                                                                                                                                                                                                                        
        7005        104          2 15-NOV-06                                                                                                                                                                                                                                                                                                                                                                                                                                                                        
        7006        101          3 18-FEB-06                                                                                                                                                                                                                                                                                                                                                                                                                                                                        

6 rows selected.

SQL> COMMIT;

Commit complete.

SQL> ED
Wrote file afiedt.buf

  1  ALTER TABLE ISSUE 
  2* DISABLE CONSTRAINT CHECK_RETURN_DATE
SQL> /

Table altered.

SQL> ED
Wrote file afiedt.buf

  1  SELECT constraint_name
  2  FROM user_constraints
  3* WHERE table_name = 'ISSUE' AND constraint_type = 'R'
SQL> /

CONSTRAINT_NAME                                                                                                                                                                                                                                                                                                                                                                                                                                                                                                     
------------------------------                                                                                                                                                                                                                                                                                                                                                                                                                                                                                      
SYS_C005865                                                                                                                                                                                                                                                                                                                                                                                                                                                                                                         
SYS_C005866                                                                                                                                                                                                                                                                                                                                                                                                                                                                                                         

SQL> ED
Wrote file afiedt.buf

-- TASK 31: DISABLE CONSTRAINTS ON ISSUE TABLE  

  1  ALTER TABLE ISSUE 
  2* DISABLE CONSTRAINT SYS_C005866
SQL> /

Table altered.

SQL> 
-- TASK 32: INSERT DATA WITH INVALID MEMBER_ID  

INSERT INTO ISSUE VALUES (7007, 101, 99, SYSDATE, NULL);

1 row created.

SQL> ED
Wrote file afiedt.buf

-- TASK 33: ENABLE CONSTRAINTS AND OBSERVE ERROR 

  1  ALTER TABLE ISSUE
  2* ENABLE CONSTRAINT SYS_C005866
SQL> /
ENABLE CONSTRAINT SYS_C005866
                  *
ERROR at line 2:
ORA-02298: cannot validate (SCOTT.SYS_C005866) - parent keys not found 


SQL>
-- TASK 34: DELETE INVALID RECORD   

DELETE FROM ISSUE WHERE LIB_ISSUE_ID = 7007;

1 row deleted.

SQL> 
	-- ENABLE CONSTRAINT 
  1   ALTER TABLE ISSUE
  2  ENABLE CONSTRAINT SYS_C005866;

Table altered.

SQL>
-- TASK 35: DELETE MEMBER_ID 1 AND OBSERVE FOREIGN KEY ERROR  
 
DELETE FROM MEMBER WHERE MEMBER_ID = 1;

DELETE FROM MEMBER WHERE MEMBER_ID = 1
*
ERROR at line 1:
ORA-02292: integrity constraint (SCOTT.SYS_C005866) violated - child record found 


SQL> ED
Wrote file afiedt.buf

-- TASK 36: MODIFY RETURN_DATE FOR 7004, 7005 TO 15 DAYS AFTER ISSUE_DATE  

  1  UPDATE ISSUE  
  2  SET RETURN_DATE = ISSUE_DATE + 15  
  3* WHERE LIB_ISSUE_ID IN (7004, 7005)
SQL> /

2 rows updated.

SQL> COMMIT;

Commit complete.

SQL> ED
Wrote file afiedt.buf

-- TASK 37: UPDATE PENALTY_AMOUNT 

  1  UPDATE MEMBER  
  2  SET PENALTY_AMOUNT = 100  
  3* WHERE MEMBER_NAME = 'GARIMA SEN'
SQL> /

1 row updated.

SQL>
 
-- TASK 38: CREATE A SAVEPOINT  

SAVEPOINT X;

Savepoint created.

SQL> ED
Wrote file afiedt.buf

-- TASK 39: DELETE RECORDS BASED ON CONDITIONS  

  1  DELETE FROM ISSUE  
  2* WHERE MEMBER_ID = 1 AND ISSUE_DATE < TO_DATE('10-DEC-2006', 'DD-MON-YYYY')
SQL> /

2 rows deleted.

SQL> SELECT *
  2  FROM ISSUE;

LIB_ISSUE_ID    BOOK_NO  MEMBER_ID ISSUE_DAT RETURN_DA                                                                                                                                                                                                                                                                                                                                                                                                                                                              
------------ ---------- ---------- --------- ---------                                                                                                                                                                                                                                                                                                                                                                                                                                                              
        7001        101          1 10-DEC-06                                                                                                                                                                                                                                                                                                                                                                                                                                                                        
        7002        102          2 25-DEC-06                                                                                                                                                                                                                                                                                                                                                                                                                                                                        
        7005        104          2 15-NOV-06 30-NOV-06                                                                                                                                                                                                                                                                                                                                                                                                                                                              
        7006        101          3 18-FEB-06                                                                                                                                                                                                                                                                                                                                                                                                                                                                        

SQL> ED
Wrote file afiedt.buf

-- TASK 40: DELETE RECORDS FROM BOOKS WHERE CATEGORY IS NOT 'RDBMS' OR 'DATABASE' 

  1  DELETE FROM BOOKS  
  2* WHERE CATEGORY NOT IN ('RDBMS', 'DATABASE')
SQL> /
DELETE FROM BOOKS  
*
ERROR at line 1:
ORA-02292: integrity constraint (SCOTT.SYS_C005865) violated - child record found 


-- TASK 41: ROLLBACK TO SAVEPOINT X  

SQL> ROLLBACK TO X;

Rollback complete.

SQL> SELECT *
  2  FROM ISSUE;

LIB_ISSUE_ID    BOOK_NO  MEMBER_ID ISSUE_DAT RETURN_DA                                                                                                                                                                                                                                                                                                                                                                                                                                                              
------------ ---------- ---------- --------- ---------                                                                                                                                                                                                                                                                                                                                                                                                                                                              
        7001        101          1 10-DEC-06                                                                                                                                                                                                                                                                                                                                                                                                                                                                        
        7002        102          2 25-DEC-06                                                                                                                                                                                                                                                                                                                                                                                                                                                                        
        7003        104          1 15-JAN-06                                                                                                                                                                                                                                                                                                                                                                                                                                                                        
        7004        101          1 04-JUL-06 19-JUL-06                                                                                                                                                                                                                                                                                                                                                                                                                                                              
        7005        104          2 15-NOV-06 30-NOV-06                                                                                                                                                                                                                                                                                                                                                                                                                                                              
        7006        101          3 18-FEB-06                                                                                                                                                                                                                                                                                                                                                                                                                                                                        

6 rows selected.

SQL> COMMIT;

Commit complete.

-- TASK 43: DROP MEMBER101 TABLE  

SQL> DROP TABLE MEMBER101;

Table dropped.

-- TASK 44: DROP BOOK101 TABLE  

SQL> DROP TABLE BOOK101;

Table dropped.

SQL> DESC MEMBER;
 Name                                                                                                                                                                                                                                                                                                  Null?    Type
 ----------------------------------------------------------------------------------------------------------------------------------------------------------------------------------------------------------------------------------------------------------------------------------------------------- -------- ----------------------------------------------------------------------------------------------------------------------------------------------------------------------------------------------------
 MEMBER_ID                                                                                                                                                                                                                                                                                             NOT NULL NUMBER(5)
 MEMBER_NAME                                                                                                                                                                                                                                                                                                    VARCHAR2(20)
 MEMBER_ADDRESS                                                                                                                                                                                                                                                                                                 VARCHAR2(50)
 ACC_OPEN_DATE                                                                                                                                                                                                                                                                                                  DATE
 MEMBERSHIP_TYPE                                                                                                                                                                                                                                                                                                VARCHAR2(20)
 FEES_PAID                                                                                                                                                                                                                                                                                                      NUMBER(6)
 MAX_BOOKS_ALLOWED                                                                                                                                                                                                                                                                                              NUMBER(2)
 PENALTY_AMOUNT                                                                                                                                                                                                                                                                                                 NUMBER(7,2)

SQL> DESC BOOKS
 Name                                                                                                                                                                                                                                                                                                  Null?    Type
 ----------------------------------------------------------------------------------------------------------------------------------------------------------------------------------------------------------------------------------------------------------------------------------------------------- -------- ----------------------------------------------------------------------------------------------------------------------------------------------------------------------------------------------------
 BOOK_NO                                                                                                                                                                                                                                                                                               NOT NULL NUMBER(6)
 BOOK_NAME                                                                                                                                                                                                                                                                                             NOT NULL VARCHAR2(30)
 AUTHOR_NAME                                                                                                                                                                                                                                                                                                    VARCHAR2(30)
 COST                                                                                                                                                                                                                                                                                                           NUMBER(7,2)
 CATEGORY                                                                                                                                                                                                                                                                                                       VARCHAR2(15)

SQL> DESC ISSUE;
 Name                                                                                                                                                                                                                                                                                                  Null?    Type
 ----------------------------------------------------------------------------------------------------------------------------------------------------------------------------------------------------------------------------------------------------------------------------------------------------- -------- ----------------------------------------------------------------------------------------------------------------------------------------------------------------------------------------------------
 LIB_ISSUE_ID                                                                                                                                                                                                                                                                                          NOT NULL NUMBER(10)
 BOOK_NO                                                                                                                                                                                                                                                                                                        NUMBER(6)
 MEMBER_ID                                                                                                                                                                                                                                                                                                      NUMBER(5)
 ISSUE_DATE                                                                                                                                                                                                                                                                                                     DATE
 RETURN_DATE                                                                                                                                                                                                                                                                                                    DATE

-- TASK 45: VIEW STRUCTURE AND DATA IN MEMBER, ISSUE, AND BOOKS TABLE  

SQL> SELECT *
  2  FROM MEMBER;

 MEMBER_ID MEMBER_NAME          MEMBER_ADDRESS                                     ACC_OPEN_ MEMBERSHIP_TYPE       FEES_PAID MAX_BOOKS_ALLOWED PENALTY_AMOUNT                                                                                                                                                                                                                                                                                                                                                       
---------- -------------------- -------------------------------------------------- --------- -------------------- ---------- ----------------- --------------                                                                                                                                                                                                                                                                                                                                                       
         1 RICHA SHARMA         PUNE                                               10-DEC-05 LIFETIME                  25000                 5             50                                                                                                                                                                                                                                                                                                                                                       
         2 GARIMA SEN           PUNE                                               06-DEC-24 ANNUAL                     1000                 3            100                                                                                                                                                                                                                                                                                                                                                       
         3 AMIT KUMAR           DELHI                                              15-JAN-23 QUARTERLY                   500                 2              0                                                                                                                                                                                                                                                                                                                                                       
         4 SNEHA DAS            MUMBAI                                             10-FEB-21 HALF YEARLY                1500                 4              0                                                                                                                                                                                                                                                                                                                                                       
         5 RAJ MALHOTRA         CHENNAI                                            01-MAR-22 ANNUAL                     2000                 3                                                                                                                                                                                                                                                                                                                                                                      
         6 PRIYA SINGH          BANGALORE                                          20-DEC-20 LIFETIME                  25000                 5            100                                                                                                                                                                                                                                                                                                                                                       
         7 KUNAL VERMA          KOLKATA                                            30-JUN-19 LIFETIME                  25000                 5              0                                                                                                                                                                                                                                                                                                                                                       

7 rows selected.

SQL> SELECT *
  2  FROM BOOKS;

   BOOK_NO BOOK_NAME                      AUTHOR_NAME                          COST CATEGORY                                                                                                                                                                                                                                                                                                                                                                                                                        
---------- ------------------------------ ------------------------------ ---------- ---------------                                                                                                                                                                                                                                                                                                                                                                                                                 
       101 LET US C                       DENIS RITCHIE                         450 SCIENCE                                                                                                                                                                                                                                                                                                                                                                                                                         
       102 ORACLE-COMPLETE-REF            LONI                                  550 DATABASE                                                                                                                                                                                                                                                                                                                                                                                                                        
       103 MASTERING SQL                  LONI                                  300 RDBMS                                                                                                                                                                                                                                                                                                                                                                                                                           
       104 PL SQL-REF                     SCOTT URMAN                           750 DATABASE                                                                                                                                                                                                                                                                                                                                                                                                                        
       105 PYTHON ESSENTIALS              JAMES HILL                            700 SCIENCE                                                                                                                                                                                                                                                                                                                                                                                                                         
       106 DATA STRUCTURES                MARK WILLIAMS                         850 RDBMS                                                                                                                                                                                                                                                                                                                                                                                                                           
       107 ARTIFICIAL INTELLIGENCE        ALICE SMITH                           950 DATABASE                                                                                                                                                                                                                                                                                                                                                                                                                        
       108 MODERN FICTION                 LUCY BROWN                            400 FICTION                                                                                                                                                                                                                                                                                                                                                                                                                         
       109 ADVANCED JAVA                  ROBERT TAYLOR                         800 SCIENCE                                                                                                                                                                                                                                                                                                                                                                                                                         

9 rows selected.

SQL> SELECT *
  2  FROM ISSUE;

LIB_ISSUE_ID    BOOK_NO  MEMBER_ID ISSUE_DAT RETURN_DA                                                                                                                                                                                                                                                                                                                                                                                                                                                              
------------ ---------- ---------- --------- ---------                                                                                                                                                                                                                                                                                                                                                                                                                                                              
        7001        101          1 10-DEC-06                                                                                                                                                                                                                                                                                                                                                                                                                                                                        
        7002        102          2 25-DEC-06                                                                                                                                                                                                                                                                                                                                                                                                                                                                        
        7003        104          1 15-JAN-06                                                                                                                                                                                                                                                                                                                                                                                                                                                                        
        7004        101          1 04-JUL-06 19-JUL-06                                                                                                                                                                                                                                                                                                                                                                                                                                                              
        7005        104          2 15-NOV-06 30-NOV-06                                                                                                                                                                                                                                                                                                                                                                                                                                                              
        7006        101          3 18-FEB-06                                                                                                                                                                                                                                                                                                                                                                                                                                                                        

6 rows selected.

SQL> SPOOL OFF;
