SQL> ED
Wrote file afiedt.buf

  1  SELECT *
  2  FROM EMP
  3  WHERE DEPTNO IN (10,30)
  4* AND HIREDATE BETWEEN '1-JAN-1981' AND '31-DEC-1984'
SQL> /

     EMPNO ENAME      JOB              MGR HIREDATE         SAL       COMM     DEPTNO                                                                                                                                                                                                                                                                                                                                                                                                                               
---------- ---------- --------- ---------- --------- ---------- ---------- ----------                                                                                                                                                                                                                                                                                                                                                                                                                               
      7499 ALLEN      SALESMAN        7698 20-FEB-81       1600        300         30                                                                                                                                                                                                                                                                                                                                                                                                                               
      7521 WARD       SALESMAN        7698 22-FEB-81       1250        500         30                                                                                                                                                                                                                                                                                                                                                                                                                               
      7654 MARTIN     SALESMAN        7698 28-SEP-81       1250       1400         30                                                                                                                                                                                                                                                                                                                                                                                                                               
      7698 BLAKE      MANAGER         7839 01-MAY-81       2850                    30                                                                                                                                                                                                                                                                                                                                                                                                                               
      7782 CLARK      MANAGER         7839 09-JUN-81       2450                    10                                                                                                                                                                                                                                                                                                                                                                                                                               
      7839 KING       PRESIDENT            17-NOV-81       5000                    10                                                                                                                                                                                                                                                                                                                                                                                                                               
      7844 TURNER     SALESMAN        7698 08-SEP-81       1500          0         30                                                                                                                                                                                                                                                                                                                                                                                                                               
      7900 JAMES      CLERK           7698 03-DEC-81        950                    30                                                                                                                                                                                                                                                                                                                                                                                                                               
      7934 MILLER     CLERK           7782 23-JAN-82       1300                    10                                                                                                                                                                                                                                                                                                                                                                                                                               

9 rows selected.

SQL> ED
Wrote file afiedt.buf

  1  SELECT *
  2  FROM EMP
  3  WHERE JOB IN ('SALESMAN','MANAGER','ANALYST')
  4  AND SAL BETWEEN 1351 AND 9500
  5* AND DEPTNO IN (10,20)
  6  /

     EMPNO ENAME      JOB              MGR HIREDATE         SAL       COMM     DEPTNO                                                                                                                                                                                                                                                                                                                                                                                                                               
---------- ---------- --------- ---------- --------- ---------- ---------- ----------                                                                                                                                                                                                                                                                                                                                                                                                                               
      7566 JONES      MANAGER         7839 02-APR-81       2975                    20                                                                                                                                                                                                                                                                                                                                                                                                                               
      7782 CLARK      MANAGER         7839 09-JUN-81       2450                    10                                                                                                                                                                                                                                                                                                                                                                                                                               
      7788 SCOTT      ANALYST         7566 19-APR-87       3000                    20                                                                                                                                                                                                                                                                                                                                                                                                                               
      7902 FORD       ANALYST         7566 03-DEC-81       3000                    20                                                                                                                                                                                                                                                                                                                                                                                                                               

SQL> ED
Wrote file afiedt.buf

  1  SELECT ENAME,SAL,SAL+(SAL*0.11) AS HIKED_SALARY,
  2  COMM-(COMM * 0.11) AS REDUCED_COMMISSION
  3  FROM EMP
  4  WHERE SAL BETWEEN 1000 AND 10000
  5* AND HIREDATE < '1-JAN-1988'
SQL> /

ENAME             SAL HIKED_SALARY REDUCED_COMMISSION                                                                                                                                                                                                                                                                                                                                                                                                                                                               
---------- ---------- ------------ ------------------                                                                                                                                                                                                                                                                                                                                                                                                                                                               
ALLEN            1600         1776                267                                                                                                                                                                                                                                                                                                                                                                                                                                                               
WARD             1250       1387.5                445                                                                                                                                                                                                                                                                                                                                                                                                                                                               
JONES            2975      3302.25                                                                                                                                                                                                                                                                                                                                                                                                                                                                                  
MARTIN           1250       1387.5               1246                                                                                                                                                                                                                                                                                                                                                                                                                                                               
BLAKE            2850       3163.5                                                                                                                                                                                                                                                                                                                                                                                                                                                                                  
CLARK            2450       2719.5                                                                                                                                                                                                                                                                                                                                                                                                                                                                                  
SCOTT            3000         3330                                                                                                                                                                                                                                                                                                                                                                                                                                                                                  
KING             5000         5550                                                                                                                                                                                                                                                                                                                                                                                                                                                                                  
TURNER           1500         1665                  0                                                                                                                                                                                                                                                                                                                                                                                                                                                               
ADAMS            1100         1221                                                                                                                                                                                                                                                                                                                                                                                                                                                                                  
FORD             3000         3330                                                                                                                                                                                                                                                                                                                                                                                                                                                                                  
MILLER           1300         1443                                                                                                                                                                                                                                                                                                                                                                                                                                                                                  

12 rows selected.

SQL> SELECT EMP.*,SAL*6 AS HALF_TERM_SALARY
  2  FROM EMP
  3  WHERE JOB IN ('MANAGER','SALESMAN','CLERK')
  4  AND SAL NOT BETWEEN 1400 AND 5600
  5  AND MGR IN (7566,7845,7839,7902,7698);

     EMPNO ENAME      JOB              MGR HIREDATE         SAL       COMM     DEPTNO HALF_TERM_SALARY                                                                                                                                                                                                                                                                                                                                                                                                              
---------- ---------- --------- ---------- --------- ---------- ---------- ---------- ----------------                                                                                                                                                                                                                                                                                                                                                                                                              
      7369 SMITH      CLERK           7902 17-DEC-80        800                    20             4800                                                                                                                                                                                                                                                                                                                                                                                                              
      7521 WARD       SALESMAN        7698 22-FEB-81       1250        500         30             7500                                                                                                                                                                                                                                                                                                                                                                                                              
      7654 MARTIN     SALESMAN        7698 28-SEP-81       1250       1400         30             7500                                                                                                                                                                                                                                                                                                                                                                                                              
      7900 JAMES      CLERK           7698 03-DEC-81        950                    30             5700                                                                                                                                                                                                                                                                                                                                                                                                              

SQL> ED
Wrote file afiedt.buf

  1  SELECT *
  2  FROM EMP
  3  WHERE COMM IS NOT NULL
  4  AND HIREDATE NOT BETWEEN '1-JAN-1982' AND '31-DEC-1982'
  5* AND SAL NOT BETWEEN 8500 AND 34500
SQL> /

     EMPNO ENAME      JOB              MGR HIREDATE         SAL       COMM     DEPTNO                                                                                                                                                                                                                                                                                                                                                                                                                               
---------- ---------- --------- ---------- --------- ---------- ---------- ----------                                                                                                                                                                                                                                                                                                                                                                                                                               
      7499 ALLEN      SALESMAN        7698 20-FEB-81       1600        300         30                                                                                                                                                                                                                                                                                                                                                                                                                               
      7521 WARD       SALESMAN        7698 22-FEB-81       1250        500         30                                                                                                                                                                                                                                                                                                                                                                                                                               
      7654 MARTIN     SALESMAN        7698 28-SEP-81       1250       1400         30                                                                                                                                                                                                                                                                                                                                                                                                                               
      7844 TURNER     SALESMAN        7698 08-SEP-81       1500          0         30                                                                                                                                                                                                                                                                                                                                                                                                                               

SQL> SELECT *
  2  FROM DEPT
  3  WHERE DNAME IN ('SALES','RESEARCH')
  4  AND LOC NOT IN ('NEW YORK','BOSTON');

    DEPTNO DNAME          LOC                                                                                                                                                                                                                                                                                                                                                                                                                                                                                       
---------- -------------- -------------                                                                                                                                                                                                                                                                                                                                                                                                                                                                             
        20 RESEARCH       DALLAS                                                                                                                                                                                                                                                                                                                                                                                                                                                                                    
        30 SALES          CHICAGO                                                                                                                                                                                                                                                                                                                                                                                                                                                                                   

SQL> SELECT ENAME,JOB,SAL,COMM
  2  FROM EMP
  3  WHERE JOB IN ('SALESMAN','CLERK')
  4  AND SAL+COMM BETWEEN 1500 AND 62000;

ENAME      JOB              SAL       COMM                                                                                                                                                                                                                                                                                                                                                                                                                                                                          
---------- --------- ---------- ----------                                                                                                                                                                                                                                                                                                                                                                                                                                                                          
ALLEN      SALESMAN        1600        300                                                                                                                                                                                                                                                                                                                                                                                                                                                                          
WARD       SALESMAN        1250        500                                                                                                                                                                                                                                                                                                                                                                                                                                                                          
MARTIN     SALESMAN        1250       1400                                                                                                                                                                                                                                                                                                                                                                                                                                                                          
TURNER     SALESMAN        1500          0                                                                                                                                                                                                                                                                                                                                                                                                                                                                          

SQL> ED
Wrote file afiedt.buf

  1  SELECT EMP.*,SAL*12,COMM-100
  2  FROM EMP
  3  WHERE MGR NOT IN (7902,7544,7210)
  4  AND JOB IN ('CLERK','SALESMAN')
  5* AND HIREDATE BETWEEN '02-JAN-1972' AND '30-DEC-1999'
SQL> /

     EMPNO ENAME      JOB              MGR HIREDATE         SAL       COMM     DEPTNO     SAL*12   COMM-100                                                                                                                                                                                                                                                                                                                                                                                                         
---------- ---------- --------- ---------- --------- ---------- ---------- ---------- ---------- ----------                                                                                                                                                                                                                                                                                                                                                                                                         
      7499 ALLEN      SALESMAN        7698 20-FEB-81       1600        300         30      19200        200                                                                                                                                                                                                                                                                                                                                                                                                         
      7521 WARD       SALESMAN        7698 22-FEB-81       1250        500         30      15000        400                                                                                                                                                                                                                                                                                                                                                                                                         
      7654 MARTIN     SALESMAN        7698 28-SEP-81       1250       1400         30      15000       1300                                                                                                                                                                                                                                                                                                                                                                                                         
      7844 TURNER     SALESMAN        7698 08-SEP-81       1500          0         30      18000       -100                                                                                                                                                                                                                                                                                                                                                                                                         
      7876 ADAMS      CLERK           7788 23-MAY-87       1100                    20      13200                                                                                                                                                                                                                                                                                                                                                                                                                    
      7900 JAMES      CLERK           7698 03-DEC-81        950                    30      11400                                                                                                                                                                                                                                                                                                                                                                                                                    
      7934 MILLER     CLERK           7782 23-JAN-82       1300                    10      15600                                                                                                                                                                                                                                                                                                                                                                                                                    

7 rows selected.

SQL> SELECT *
  2  FROM EMP
  3  WHERE JOB IN ('PRESIDENT','ANALYST')
  4  AND DEPTNO NOT IN (20,30)
  5  AND SAL*12 NOT BETWEEN 1500 AND 3400;

     EMPNO ENAME      JOB              MGR HIREDATE         SAL       COMM     DEPTNO                                                                                                                                                                                                                                                                                                                                                                                                                               
---------- ---------- --------- ---------- --------- ---------- ---------- ----------                                                                                                                                                                                                                                                                                                                                                                                                                               
      7839 KING       PRESIDENT            17-NOV-81       5000                    10                                                                                                                                                                                                                                                                                                                                                                                                                               

SQL> ED
Wrote file afiedt.buf

  1  SELECT *
  2  FROM EMP
  3  WHERE SAL BETWEEN 1003 AND 7887
  4  AND JOB IN ('CLERK','PRESIDENT','SALESMAN')
  5  AND DEPTNO IN (10,30)
  6  AND COMM NOT BETWEEN 800 AND 1199
  7  AND (
  8  (HIREDATE BETWEEN '1-JAN-1981' AND '31-DEC-1981')
  9  OR (HIREDATE BETWEEN '1-JAN-1987' AND '31-DEC-1987')
 10  )
 11* AND SAL*12 BETWEEN 2001 AND 94000
SQL> /

     EMPNO ENAME      JOB              MGR HIREDATE         SAL       COMM     DEPTNO                                                                                                                                                                                                                                                                                                                                                                                                                               
---------- ---------- --------- ---------- --------- ---------- ---------- ----------                                                                                                                                                                                                                                                                                                                                                                                                                               
      7499 ALLEN      SALESMAN        7698 20-FEB-81       1600        300         30                                                                                                                                                                                                                                                                                                                                                                                                                               
      7521 WARD       SALESMAN        7698 22-FEB-81       1250        500         30                                                                                                                                                                                                                                                                                                                                                                                                                               
      7654 MARTIN     SALESMAN        7698 28-SEP-81       1250       1400         30                                                                                                                                                                                                                                                                                                                                                                                                                               
      7844 TURNER     SALESMAN        7698 08-SEP-81       1500          0         30                                                                                                                                                                                                                                                                                                                                                                                                                               

SQL> SPOOL OFF;
